<?xml version="1.0" encoding="UTF-8"?>
<beans xmlns="http://www.springframework.org/schema/beans"
	xmlns:xsi="http://www.w3.org/2001/XMLSchema-instance"
	xmlns:context="http://www.springframework.org/schema/context"
	xmlns:mvc="http://www.springframework.org/schema/mvc"
	xmlns:tx="http://www.springframework.org/schema/tx"
	xmlns:aop="http://www.springframework.org/schema/aop"
	xsi:schemaLocation="http://www.springframework.org/schema/mvc http://www.springframework.org/schema/mvc/spring-mvc-4.3.xsd
		http://www.springframework.org/schema/beans http://www.springframework.org/schema/beans/spring-beans.xsd
		http://www.springframework.org/schema/context http://www.springframework.org/schema/context/spring-context-4.3.xsd
		http://www.springframework.org/schema/aop http://www.springframework.org/schema/aop/spring-aop-4.3.xsd
		http://www.springframework.org/schema/tx http://www.springframework.org/schema/tx/spring-tx-4.1.xsd">
   
   <mvc:annotation-driven/>	
   
	<!-- MySQL dataSource  org.springframework.jdbc.datasource.DriverManagerDataSource-->
    <bean id="dataSource" class="org.apache.commons.dbcp.BasicDataSource">
        <property name="driverClassName" value="com.mysql.jdbc.Driver" />
        <property name="url" value="jdbc:mysql://localhost:3306/shoppingmalldb?characterEncoding=UTF-8&amp;serverTimezone=Asia/Seoul"/>
        <property name="username" value="root"/>
        <property name="password" value="cjstmdgjs1@"/>
   </bean>
     
   <bean id="sessionFactory"
    	class="org.springframework.orm.hibernate5.LocalSessionFactoryBean">
			<property name="dataSource" ref="dataSource" />
			<property name="packagesToScan" value="spring.myapp.shoppingmall.dto"></property>
			<property name="hibernateProperties">
				<props>
					<prop key="hibernate.dialect">org.hibernate.dialect.MySQLDialect</prop>
					<prop key="hibernate.show_sql">true</prop>
					<prop key="hibernate.format_sql">true</prop>
					<prop key="hibernate.hbm2ddl.auto">update</prop>
				</props>
			</property>
	</bean>
	
	<bean id="transactionManager" class="org.springframework.orm.hibernate5.HibernateTransactionManager">
		<property name="sessionFactory" ref="sessionFactory" />
	</bean>
	<tx:annotation-driven transaction-manager="transactionManager" proxy-target-class="true"/>
   
    <context:component-scan base-package="spring.myapp.shoppingmall.dao" />
   
   
   <!--  
   <bean name = "transactionManager" class = "org.springframework.jdbc.datasource.DataSourceTransactionManager">
   		<property name = "dataSource" ref = "dataSource"/>
   </bean>
   
   <bean name = "transactionTemplate1" class = "org.springframework.transaction.support.TransactionTemplate">
   		<property name = "transactionManager" ref = "transactionManager" />
   		<property name = "propagationBehavior" value = "0"></property>
   </bean>
   <bean name = "transactionTemplate2" class = "org.springframework.transaction.support.TransactionTemplate">
   		<property name = "transactionManager" ref = "transactionManager" />
   		<property name = "propagationBehavior" value = "0"></property>
   </bean>
  -->
</beans>