<?xml version="1.0" encoding="UTF-8"?>
<!DOCTYPE log4j:configuration PUBLIC "-//APACHE//DTD LOG4J 1.2//EN" "log4j.dtd">
<log4j:configuration xmlns:log4j="http://jakarta.apache.org/log4j/">

	<!-- Appenders -->
	<!-- 
	<appender name="console" class="org.apache.log4j.ConsoleAppender">
		<param name="Target" value="System.out" />
		<layout class="org.apache.log4j.PatternLayout">
			<param name="ConversionPattern" value="%-5p: %c - %m%n" />
		</layout>
	</appender>
	-->
    <appender name="console" class="org.apache.log4j.ConsoleAppender">
        <param name="Target" value="System.out" />
        <layout class="org.apache.log4j.PatternLayout">
                <param name="ConversionPattern" value="%d{yyyy-MM-dd HH:mm:ss} %-5p: %l - %m%n" />
        </layout>
    </appender>

    <appender name="fileLogger" class="org.apache.log4j.DailyRollingFileAppender">
        <param name="file" value="c:/logs/spring/spring.log"/>
        <param name="Append" value="true"/>
        <param name="encoding" value="UTF-8" />
        <param name="DatePattern" value="'.'yyyy-MM-dd-HH-mm"/>
        <layout class="org.apache.log4j.PatternLayout">
            <param name="ConversionPattern" value="[%d{yyyy-MM-dd HH:mm:ss}] %-5p: %F:%L - %m%n" />
        </layout>
    </appender>

	<!-- 로그 파일 100KB마다 새로 남기기 -->
	<!--  
    <appender name="LOGFILE-SIZE" class="org.apache.log4j.RollingFileAppender">
        <param name="file" value="c:/logs/sizelog/test-Size.log"/>
        <param name="Append" value="true"/>
        <param name="MaxFileSize" value="3KB"/>
       <param name="MaxBackupIndex" value="2"/>  
        <layout class="org.apache.log4j.PatternLayout">
            <param name="ConversionPattern" value="%d %-5p [%t] %-17c{2} (%13F:%L) %3x - %m%n"/>
        </layout>
    </appender>
	-->
	
	<!-- Application Loggers -->
	<logger name="spring.shoppingmall.shoppingmall">
		<level value="info" />
	</logger>
	
	<!-- 3rdparty Loggers -->
	<logger name="org.springframework.core">
		<level value="info" />
	</logger>
	
	<logger name="org.springframework.beans">
		<level value="info" />
	</logger>
	
	<logger name="org.springframework.context">
		<level value="info" />
	</logger>

	<logger name="org.springframework.web">
		<level value="info" />
	</logger>
	
	<!-- Root Logger -->
    <root>
        <priority value="info" />
        <appender-ref ref="console"/>
        <appender-ref ref="fileLogger" />
    </root>
</log4j:configuration>
